id,name_short,name,name_english,comment,country
11110,,Miljöpartiet de Gröna,Green Ecology Party,,11
11220,,Sveriges Kommunistiska Parti,Communist Party of Sweden,,11
11320,SdaP,Socialdemokratistiska Arbetarepartiet,Social Democratic Labour Party,,11
11420,FP,Folkpartiet,People’s Party,,11
11520,KdS,Kristdemokratiska Samhällspartiet,Christian Democratic Community Party,,11
11620,,Hogerpartiet,Right Party,,11
11810,,Bondeforbundet,Agrarian Party,,11
11951,NyD,Ny Demokrati,New Democracy,,11
12220,NKP,Norges Kommunistiske Parti,Norwegian Communist Party,,12
12221,,Sosialistisk Folkeparti,Socialist People’s Party,,12
12320,DNA,Det Norske Arbeiderparti,Norwegian Labour Party,,12
12410,,Det Nye Folkepartiet,New People's Party,,12
12420,V,Venstre,Liberal Party,,12
12520,KrF,Kristelig Folkeparti,Christian People’s Party,,12
12620,H,Høyre,Conservative Party,,12
12810,,Bondepartiet,Farmers’ Party,,12
12951,,Anders Langes Parti,Anders Lange’s Party,,12
13210,VS,Venstresocialisterne,Left Socialist Party,,13
13220,DKP,Danmarks Kommunistiske Parti,Danish Communist Party,,13
13221,FK,Fælles Kurs,Common Course,,13
13229,EL,Enhedslisten – De Rød-Grønne,Red-Green Unity List,"composed of: Valforbund Enhedslisten: De Grønne, Solidarisk Alternativ, Invendrerlisten, Christianialisten, Arbeidsløshedsparteit, Kærlighedspartiet, Miljøparti",13
13230,SF,Socialistisk Folkeparti,Socialist People’s Party,,13
13320,SD,Socialdemokratiet,Social Democratic Party,,13
13330,CD,Centrum-Demokraterne,Centre Democrats,,13
13410,RV,Det Radikale Venstre,Radical Party,,13
13420,V,Venstre,Liberals,,13
13421,DU,De Uafhængige,Independents' Party,,13
13422,LC,Liberalt Centrum,Liberal Centre,,13
13520,KrF,Kristeligt Folkeparti,Christian People’s Party,,13
13620,KF,Konservative Folkeparti,Conservative People’s Party,,13
13720,DF,Danske Folkeparti,Danish People’s Party,,13
13951,FP,Fremkridtspartiet,Progress Party,,13
13952,RF,Retsforbund,Justice Party,,13
13953,DS,Dansk Samling,Danish Union,,13
14110,VL,Vihreä Liitto,Green Union,,14
14221,SKDL,Suomen Kansan Demokraattinen Liitto,Finnish People's Democratic Union,,14
14222,DEVA,Demokraattinen Vaihtoehto,Democratic Alternative,,14
14223,VL,Vasemmistoliitto,Left Wing Alliance,,14
14310,TPSL,Tyäväen ja Pienviljelijäin Sosialdemokraattinen Liitto,Social Democratic League of Workers and Smallholders,,14
14320,SSDP,Suomen Sosialidemokraattinen Puolue,Finnish Social Democrats,,14
14420,,Kansallinen Edistyspuolue,National Progressive Party,,14
14430,NSP,Nuorsuomalainen Puolue,"Progressive Finnish Party, also known as Young Finns",,14
14520,SKL,Suomen Kristillinen Liitto,Finnish Christian Union,,14
14620,KK,Kansallinen Kokoomus,National Coalition,,14
14810,,Maalaisliitto,Agrarian Union,,14
14820,,Suomen Pientalonpoiken Puolue,Finnish Smallholder’s Party,,14
14901,RKP/ SFP,Ruotsalainen Kansanpuolue/Svenska Folkpartiet,Swedish People’s Party,,14
15111,VGF,Vinstrihreyfing – Grænt Frambod,Left Green Movement,,15
15220,,Sósiálistaflokkurinn,United Socialist Party,,15
15320,A,Alþhýðuflokkurinn,Social Democratic Party,,15
15321,BJ,Bandalag Jafnaðarmanna,Social Democratic Federation,,15
15322,SFVM,Samtök Frjálslyndra og Vinstri Manna,Union of Liberals and Leftists,,15
15323,,Þjóðvaki,Awakening of the Nation,,15
15328,S,Samfylkingin,"Alliance of Ab, A, and Kv",,15
15420,FF,Frjálslyndi Flokkurinn,Liberal Party,,15
15620,Sj,Sjálfstaedisflokkurinn,Independence Party,,15
15621,Bf,Borgaraflokkurinn,Citizens' Party,,15
15710,Tf,þjodvarnarflokkurinn,National Preservation Party,,15
15810,F,Framsóknarflokkurinn,Progressive Party,,15
15951,Kv,Samtök um Kvennalista,Women’s Alliance,,15
21111,ECOLO,Écologistes Confédérés pour l’Organisation de Luttes Originales,Francophone Ecologists,,21
21112,AGA LEV,Anders Gaan Leven,"Live Differently -- Flemish-speaking Ecologists, also called Groen!",,21
21320,BSP/PSB,Belgische Socialistische Partij/Parti Socialiste Belge,Belgian Socialist Party,,21
21321,BSP,Belgische Socialistische Partij,Flemish Socialist Party,,21
21322,PS,Parti Socialiste,Francophone Socialist Party,,21
21420,LP/PL,Liberale Partij/Parti libéral,Liberal Party,,21
21421,PVV,Partij voor Vrijheid en Vooruitgang,Party of Liberty and Progress,,21
21422,PLP,Parti de la Liberté et du Progrès,Party of Liberty and Progress,,21
21423,PRL-FDF,Parti Réformateur Libéral – Front Démocratique des Francophones,Liberal Reformation Party -- Francophone Democratic Front,,21
21424,PL,Parti Libéral,Brussels Liberal Party,,21
21425,PRL-FDF-MCC,Parti réformateur libéral – Front démocratique francophone – Mouvement des Citoyens pour la Changement,Liberal Reformation Party -- Francophone Democratic Front -- Citizens’ Movement for Change,,21
21520,PSC/CVP,Parti Social Chrétien/Christelijke Volkspartij,Francophone Christian Social Party and Flemish Christian People's Party,,21
21521,CVP,Christelijke Volkspartij,Christian People’s Party,,21
21522,PSC,Parti Social Chrétien,Christian Social Party,,21
21911,RW,Rassemblement Wallon,Walloon Rally,,21
21912,FDF,Front Démocratique des Bruxellois Francophones,Francophone Democratic Front,,21
21913,,Frontpartij,Front Party,,21
21914,VB,Vlaams Blok,Flemish Bloc,,21
21915,VU-ID21,De Volksunie –Ideen voor de 21ste eeuw,People’s Union -- Ideas for the 21st century,,21
22110,GL,Groen Links,Green Left,,22
22220,SP,Socialistische Partij,Socialist Party,,22
22310,PPR,Politieke Partij Radicalen,Radical Political Party,,22
22320,PvdA,Partij van de Arbeid,Labour Party,,22
22330,D’66,Democraten’66,Democrats‘66,,22
22420,VVD,Volkspartij voor Vrijheid en Democratie,People’s Party for Freedom and Democracy,,22
22430,LN,Leefbaar Nederland,Livable Netherlands,,22
22521,CDA,Christen-Democratisch Appel,Christian Democratic Appeal,,22
22522,KVP,Katholieke Volkspartij,Catholic People's Party,,22
22523,ARP,Anti-Revolutionaire Partij,Anti-Revolutionary Party,,22
22524,DS'70,Democratische Socialisten'70,Democratic Socialists'70,,22
22525,CHU,Christelijk-Historische Unie,Christian Historical Union,,22
22526,CU,Christen Unie,Christian Union,,22
22720,LPF,Lijst Pim Fortuyn,List Pim Fortuyn,,22
23111,GLEI,Greng Lëscht Ekologesch Initiativ,Green Left Ecological Initiative,,23
23112,GAP,Di Grëng Alternativ,Green Alternative,,23
23113,GLEI-GAP,Greng Lëscht Ekologesch Initiativ – Di Grëng Alternativ,Green Left Ecological Initiative -- Green Alternative,,23
23220,PCL/KPL,Parti Communiste Luxembourgeois/ Kommunistesch Partei vu Lëtzeburg,Communist Party,,23
23320,POSL/LSAP,Parti Ouvrier Socialiste Luxembourgeois/ Letzeburger Sozialistesch Arbeiterpartei,Socialist Workers’ Party,,23
23420,,Groupement Patriotique et Démocratique,Patriotic and Democratic Group,,23
23520,PCS/CSV,Parti Chrétien Social/Chrëschtlech Sozial Vollekspartei,Christian Social People’s Party,,23
23951,ADR,Aktiounskomitee fir Demokratie a Rentegerechtegkeet,Action Committee for Democracy and Pension Justice,,23
31110,,Écologistes,Greens,in 1997: Les Verts,31
31111,GE,Generation Écologie,Ecology Generation,,31
31220,PCF,Parti Communiste Français,French Communist Party,,31
31320,SFIO,Section Française de l’Internationale Ouvriére,Socialist Party,,31
31421,RRRS,Parti Répulicain Radical et Radical Socialiste,Radical Socialist Party,,31
31521,MRP,Mouvement Républicain Populaire,Popular Republican Movement,,31
31522,CD,Centre Démocrat,Democratic Centre,,31
31523,CDP,Centre Démocratie et Progrés,Centre Democracy and Progress,,31
31529,MR,Mouvement Réformateur,Reformers' Movement,,31
31621,,Gaullists,Gaullists,includes: UNR Union Pour la Nouvelle République; UDT Union Démocratique du Travail; RPR Rassemblement pour la République,31
31622,,Conservatives,Conservatives,includes: Parti Républicain de la Liberté; Independants Républicains; Parti Paysan; CNIP Centre National des Indépendants et Paysans; Action Répubilcaine et Sociale; Centre Républicain; Centre National des Indépendants,31
31623,,Poujadists,,,31
31624,UDF,Union pour la Démocratie Française,Union for French Democracy,,31
31625,RPR,Rassemblement pour la République,Rally for the Republic,,31
31626,UMP,Union pour la majorité presidentielle,Union for the Presidential Majority,composed of: RPR Rassemblement pour la République (Rally for the Republic) and DL Démocratie Libérale (Liberal Democracy); after the election part of UDF joined the Union,31
31720,FN,Front National,National Front,,31
32110,FdV,Federazione dei Liste Verdi,Green Federation,,32
32111,,Il Girasole,Greens and Social Democrats,wrong ID in CMP appendix (31111),32
32210,PdUP,Manifesto/Partito di Unità Proletaria per il Comunismo,Manifesto/Party of Proletarian Unity for Communism,,32
32211,DP,Democrazia Proletaria,Proletarian Democracy,,32
32212,RC,Rifondazione Comunista,Newly Founded Communists,,32
32213,PDCI,Partito dei Comunisti Italiano,Italian Communists,,32
32220,PCI,Partito Comunista Italiano,Communist Party,,32
32310,PR,Partito Radicale,Radical Party,,32
32320,PSI,Partito Socialista Italiano,Socialist Party,,32
32321,RI,Rinnovamento Italiano,Italian Renewal,,32
32322,PSU,United Socialist Party,United Socialist Party,,32
32329,,Ulivo,Olive Tree,"composed of: Il Girasole, PDCI, PDS, and La Margherita",32
32330,PSLI,Partito Socialista dei Lavoratori Italiani,Socialist Party of Italian Workers,,32
32410,PRI,Partito Repubblicano Italiano,Republican Party,,32
32420,PLI,Partito Liberale Italiano,Liberal Party,,32
32421,,La Margherita,Daisy,,32
32520,DC,Democrazia Cristiana,Christian Democrats,,32
32521,CCD,Centro Cristiano Democratico,Christian Democratic Centre,,32
32522,,Biancofiore,White Flower,,32
32528,PI,Patto per l’Italia,Pact for Italy,,32
32529,AD,Alleanza Democratica,Democratic Alliance,,32
32610,FI,Forza Italia,Go Italy,,32
32611,NPSI,Nuovo Partito Socialista Italiano,New Socialist Party,,32
32629,,Casa della Libertá,House of Freedom,"composed of: Biancofiore, FI, NDSI, AN, LN",32
32710,MSI,Movimento Sociale Italiano,Italian Social Movement,,32
32720,LN,La Lega Nord,Northern League,,32
32901,DE,Democrazia Europea,European Democracy,,32
32902,,Lista di Pietro Italia del Valori,List Di Pietro Italy of Values,,32
32951,LR,La Rete/Movimento per la Democrazia,The Network/Movement for Democracy,,32
33220,PCE/ PSUC,Partido Communista de España,Communist Party,,33
33320,PSOE,Partido Socialista Obrero Español,Spanish Socialist Workers’ Party,,33
33430,UCD,Unión de Centro Democrático,Union of the Democratic Centre/Centrist Bloc,,33
33438,PDP,Partido Demócrata Popular,Popular Democratic Party,,33
33439,PL,Partido Liberal,Liberal Party,,33
33512,CDS,Centró Democrático y Social,Centre Democrats,,33
33610,AP,Alianza Popular,Popular Alliance,,33
33611,CiU,Convergència i Unió,Convergence and Union,,33
33901,EE,Euzkadiko Ezkerra,Basque Left,,33
33902,PNV/ EAJ,Partido Nacionalista Vasco/Euskadi Alberti Jetzale,Basque Nationalist Party,,33
33903,EA,Eusko Alkartasuna,Basque Solidarity,,33
33904,PAR,Partido Argonés Regionalista,Aragonese Regionalist Party,,33
33905,ERC,Esquerra Republicana de Catalunya,Catalan Republican Left,,33
33906,PA,Partidu Andalucista,Andalusian Party,,33
33907,CC,Coalicion Canaria,Canarian Coalition,,33
33908,BNG,Bloque Nacionalista Galego,Galician Nationalist Bloc,,33
34210,KKE,Kommounistiko Komma Elladas,Communist Party of Greece,,34
34211,SAP,Synaspismos tis Aristeras kai tis Proodou,Progressive Left Coalition,,34
34313,PASOK,Panhellinio Socialistiko Kinema,Panhellenic Socialist Movement,,34
34314,DIKKI,Dimokratiki Kinoniki Kinema,Democratic Social Movement,,34
34510,EDIK,Enosis Kentrou,Centre Union,,34
34511,ND,Nea Dimokratia,New Democracy,,34
34512,Pola,Politiki Anixi,Political Spring,,34
34610,EP,Ethniki Parataxis,National Alignment,,34
35110,PEV,Partido Ecologista ‘Os Verdes’,Greens,,35
35210,UDP,União Democrática Popular,Popular Democratic Union,,35
35211,BE,Bloco De Esquerda,Left Bloc,,35
35220,PCP,Partido Comunista Português,Portuguese Communist Party,,35
35229,CDU,Coligação Democrática Unitária,Unified Democratic Coalition,,35
35310,MDP,Movimento DemocrÃ¡tico PortuguÃªs,Democratic Movement,Movimento Democrático,35
35311,PSP,Partido Socialista Portuguêsa,Portuguese Socialist Party,,35
35312,PRD,Partido Renovador Democrático,Democratic Renewal Party,,35
35313,PPD,Partido Popular Democrático,Popular Democratic Party,,35
35314,CDS,Partido do Centro Democrático Social,Centre Social Democrats,,35
35315,ID,Intervençao Democrática,Democratic Intervention,,35
35316,ASDI,Associacao Social Democrata Independente,Independent Social Democrats,,35
35317,UEDS,Uniao de Esquerda para a Democracia,Union of the Socialist and Democratic Left,,35
35710,PPM,Partido Popular Monárquico,Popular Monarchist Party,,35
35951,PSN,Partido de Solidariedade Nacional,National Solidarity Party,,35
41111,,Die Grünen,The Greens,,41
41112,Greens/90,Grüne/Bündnis‘90,Greens/Alliance‘90,,41
41113,90/Greens,Bündnis‘90/Die Grünen,Alliance ‘90/Greens,,41
41220,KPD,Kommunistische Partei Deutschlands,Communist Party of Germany,,41
41221,PDS,Partei des Demokratischen Sozialismus,Party of Democratic Socialism,,41
41320,SPD,Sozialdemokratische Partei Deutschlands,Social Democratic Party of Germany,,41
41420,FDP,Freie Demokratische Partei,Free Democratic Party,,41
41521,CDU/ CSU,Christlich-Demokratische Union/Christlich- Soziale Union,Christian Democratic Union/Christian Social Union,,41
41522,DZ,Deutsche Zentrumspartei,Centre Party,,41
41620,DP,Deutsche Partei,German Party,,41
41711,WAV,Wirtschaftliche Aufbauvereinigung,Economic Reconstruction League,,41
41712,DRP,Deutsche Reichspartei,German Reich Party,,41
41911,BP,Bayernpartei,Bavarian Party,,41
41912,SSW,Südschleswigscher Wählerverband – Sydslesvigsk Vaelgerforening,South Schleswig Voters' Union,,41
41951,GB/BHE,Gesamtdeutscher Block/Bund der Heimatvertriebenen und Entrechteten,Refugee Party,,41
42110,GA,Die Grüne Alternative,Green Alternative,,42
42220,KPÖ,Kommunistische Partei Österreichs,Communist Party,,42
42320,SPÖ,Sozialdemokratische Partei Österreichs,Austrian Social Democratic Party,,42
42420,VdU,Verband der Unabhängigen,League of Independents,,42
42421,LF,Liberales Forum,Liberal Forum,,42
42520,ÖVP,Österreichische Volkspartei,Austrian People’s Party,,42
43110,,Grüne,Greens,,43
43220,PdA,Partei der Arbeit der Schweiz/ Parti suisse du travail,Swiss Labour Party,,43
43320,SPS/PSS,Sozialdemokratische Partei der Schweiz/ Parti Socialiste Suisse,Social Democratic Party,,43
43321,LdU/ ADI,Landesring der Unabhängigen/Alliance des Indépendants,Independents’ Alliance,,43
43420,FDP/ PRD,Freisinnig-Demokratische Partei der Schweiz/Parti Radical-Démocratique Suisse,Radical Democratic Party,,43
43520,,Schweizerische Konservative Volkspartei/ Parti Populaire Conservateur Suisse,Conservative People’s Party,,43
43530,EVP/ PEP,Evangelische Volkspartei der Schweiz/ Parti Populaire Evangelique Suisse,Protentant People’s Party,,43
43531,LPS/PLS,Liberale Partei der Schweiz/Parti libéral suisse,Liberal Party of Switzerland,,43
43710,,Nationale Aktion gegen die Überfremdung von Volk und Heimat/Action Nationale contre l’Emprise et la Surpopulation Etrangère,National Action against Foreign Domination,,43
43711,EDU,Eidgenössisch-Demokratische Union,Federal Democratic Union,,43
43810,BGB,"Schweizerische Bauern-, Gewerbe- und Bürgerpartei/Parti Suisse des Paysans, Artisans et Bourgeois","Farmers’, Traders’ and Citizens’ Party",,43
43951,,Schweizer Auto Partei/Parti Automobiliste Suisse,Swiss Motorists’ Party,,43
51210,,Sinn Fein,Sinn Fein,,51
51320,,Labour Party,Labour Party,,51
51330,SDP,Social Democratic Party,Social Democratic Party,,51
51420,,Liberal Party,Liberal Party,,51
51421,LDP,Liberal Democratic Party,Liberal Democratic Party,,51
51620,,Conservative Party,Conservative Party,,51
51621,UUP,Ulster Unionist Party,Ulster Unionist Party,,51
51902,SNP,Scottish National Party,Scottish National Party,,51
51903,DUP,Democratic Unionist Party,Democratic Unionist Party,,51
51951,UKIP,United Kingdom Independence Party,United Kingdom Independence Party,,51
53110,Greens,Ecology Party/Green Party/Comhaontas Glas,Ecology Party/Green Party/Comhaontas Glas,,53
53220,WP,Pairti na nOiri,Workers' Party,,53
53221,DLP,Democratic Left Party,Democratic Left Party,,53
53320,LP,Páirti Lucht Oibre,Labour Party,,53
53420,PD,Progressive Democrats,Progressive Democrats,,53
53520,FG,Fine Gael,Familiy of the Irish,,53
53620,FF,Fianna Fáil,Soldiers of Destiny,,53
53714,CnP,Claim na Poblachta,Republican Party,,53
53810,CnT,Clann na Talmhan,Party of the Land,,53
53951,Sinn Fein,Ourselves III,Ourselves III,,53
54320,PL,Partit Laburista,Labour Party,,54
54322,PN,Partit Nazzjonalista,Nationalist Party,,54
54620,PN,Nationalist Party,Nationalist Party,not in CMP codebook,54
55321,AKEL,Anorthotikon Komma Ergazemenou Laou,Progressive Party of the Working people,,55
55322,EDEK,Socialtistiki Komma Kyprou EDEK,Socialist Party of Cyprus EDEK,,55
55323,KISOS,Social Democrats Movement,Social Democrats Movement,not in CMP codebook,55
55421,KF,Komma Fileleftheron,Liberal Party,,55
55422,DIKO,Dimokratikon Komma,democratic Party,,55
55423,KED,Kinima ton Eleftheron Dimokratikon,Movement of Free Democrats,,55
55711,DISY,Dimokratikos Sinagermos,Democratic Coalition,,55
61320,,Democratic Party,Democratic Party,,61
61620,,Republican Party,Republican Party,,61
62320,CCF,Cooperative Commonwealth Federation,Cooperative Commonwealth Federation,,62
62420,LP,Liberal Party of Canada,Liberal Party of Canada,,62
62620,PCP,Progressive Conservative Party,Progressive Conservative Party,,62
62621,RPC,Reform Party of Canada,Reform Party of Canada,,62
62622,CA,Canadian Reform Conservative Alliance including RPC,Canadian Reform Conservative Alliance including RPC,,62
62901,BQ,Bloc Québécois,Bloc Québécois,,62
62951,Socred,Social Credit,Social Credit,,62
63320,ALP,Australian Labor Party,Australian Labor Party,,63
63321,AD,Australian Democrats,Australian Democrats,,63
63330,DLP,Democratic Labour Party,Democratic Labour Party,,63
63620,LPA,Liberal Party of Australia,Liberal Party of Australia,,63
63810,CP,Country Party,Country Party,,63
64110,,Green Party of Aotearoa,Green Party of Aotearoa,,64
64320,LP,Labour Party,Labour Party,,64
64321,,Alliance,Alliance,,64
64420,,ACT,ACT,,64
64421,,United Future,United Future,,64
64422,,Jim Anderton’s Progressive Coalition,Jim Anderton’s Progressive Coalition,,64
64620,NP,National Party,National Party,,64
64621,NZFP,New Zealand First Party,New Zealand First Party,,64
64951,,Social Credit/Democratic Party,Social Credit/Democratic Party,,64
71220,JCP,Nihon Kyosan-to,Japan Communist Party,,71
71320,JSP,Nihon Shakai-to,Japan Socialist Party,,71
71321,DSP,Minshu-Shakai-to,Democratic Socialist Party,,71
71322,SDF,Shaminren,Social Democratic Federation,,71
71530,CGP,Komei-to,Clean Government Party,,71
71620,LDP,Jiyu-Minshu-to,Liberal Democratic Party,,71
71621,NLC,Shin Jiyu Club,New Liberal Club,,71
71622,JRP,Shinsei-to,Japan Renewal Party,,71
71623,NFP,Sinshin,New Frontier Party,,71
71624,DPJ,Minshu,Democratic Party of Japan,,71
71625,LP,Jiyo-to,Liberal Party,,71
71626,NCP,Hoshu-to,New Conservative Party,,71
71951,NP,Sakigake,New Party,,71
71952,JNP,Nihon Shin-to,Japan New Party,,71
72220,MAHI,Miflaga Kommunistit Isrealit,Communist Party of Israel,,72
72221,MOKED,,Focus,,72
72222,PLP,Hareshima Ha'mitkademet le-Shalom,Progressive List for Peace,,72
72223,SHELLI,Shalom le'Israel-Shivion le'Israel,Peace in Israel-Equality in Israel,,72
72224,RAKAR,Reshima Kommunistit Hadasha,New Communist Party,,72
72225,HADASH,Hazit Democratit le Shalom ve-Shivayon,Democratic Front for Peace and Equality,,72
72310,RATZ,Hatnuah Lezhiot Ha'ezrach,Citizens' Rights Movement,,72
72311,MAPAM,Mifleget Ha'poalim Hameuchedet,United Workers' Party,,72
72312,AEOP,Am Echad One People,Am Echad One People,not in CMP codebook,72
72320,AMT,Ma'arach,Alignment,,72
72322,RAFI,Reshimat Poalei Israel,Israel Workers' List,,72
72323,ILP,Mifleget Ha’avodah Ha’Israelit,Israel Labour Party,,72
72324,MAPAI,Mifleget Poalei Eretz Israel,Workers' Party of the Land of Israel,,72
72325,,Achdut Ha'avoda Poalei Zion,Unity of Labour/Workers for Zion,,72
72326,MERETZ,,Merger between RATZ and MAPAM,Merger between RATZ (Hatauah Lezhiot Ha’ezrach (Citizens Rights Movement) and MAPAM (Mifleget Ha’Poalim Hameuchad (United Workers Party),72
72327,,Israel Echad,One Israel- Electoral alignment between Israel Labour and two small lists,,72
72410,,H'Miflaga H'Liberalit H'Atzmaut,Progressive and Independent Liberal Party,,72
72411,,Miflaga Haliberalit,Liberal Party,,72
72412,DASH,Hatnuah Hademokratit Le-shinui,Democratic Movement for Change,,72
72413,,Shinui,Change,,72
72414,,Yachad,Together,,72
72415,,,Centre Party,,72
72420,,Zionim Klalim,General Zionists',,72
72425,,Ometz,Courage,,72
72427,,Haderech Ha’shlishit,The Third Way,,72
72428,,Yisrael Ba’aliya,Israel for Immigration,,72
72530,MAFDAL,Miflaga Datit leumit,National religious Party,,72
72531,,Agudat Israel/Poalei Agudat Israel,Association of Israel/Association of Israel Workers,,72
72532,TAM',Tenua le'Masoret Israel,Movement for Israel's Tradition,,72
72533,SHAS,Shomrei Torah Sephardim,Sephardi Torah Guardians,,72
72534,,Morasha,Heritage,,72
72535,,Yahadut Ha Torah,United Torah Judaism,Merger between Agudat Israel and Degel haTorah,72
72610,,Hamerkaz Hahofshi,Free Centre,,72
72611,,Reshima Mamlachtit,State List,,72
72612,Tehiya,Tenuat Hatehiya,Renaissance Movement,,72
72613,Tsomet,HaTenua LeHithadashot Zionit Vevilti,Crossroads-non-aligned movement for Zionist renewal,,72
72614,Moledet,Moledet,Homeland,,72
72615,,Moledet,Homeland,,72
72620,,Hemt,Freedom Party,,72
72621,GAHAL,Gahal-Gush-Hemt Liberalim,Freedom-Liberal Block,,72
72622,,,Likud,,72
72623,,Shlomzion-Tenua Lehagshama Zionist,Realization of Zionism Movement,,72
72624,,,National Union,,72
72625,,Yisrael Beiteinu,Israel Our Home,,72
72901,,Hareshima HaAravit Hameuchedet,,,72
74321,CHP,Cumhuriyet Halk Partisi,Republican People’s Party,,74
74322,HP,Halkçi Parti,Populist Party,,74
74323,SHP,Sosyal Demokrat Halçi Parti,Social Democratic Populist Party,,74
74324,DSP,Demokratik Sol Parti,Democratic Left Party,,74
74621,DP,Demokrat Parti,Democratic Party,,74
74622,AP,Adalet Partisi,Justice Party,,74
74623,ANAP,Anavatan Partisi,Motherland Party,,74
74624,DYP,Dogru Yol Partisi,True Path Party,,74
74625,MP,Millet Partisi,Nation Party,,74
74626,BBP,Büyük Birlik Partisi,Grand Unity Party,,74
74627,DTP,Demokrat Türkiye Partisi,Democratic Turkey Party,,74
74711,MDP,Milliyetçi Demokrasi Partisi,Nationalist Democratic Party,,74
74712,MHP,Milliyetçi Hareket Partisi,National Action Party,,74
74714,MSP,Milli Selamet Partisi,National Salvation Party,,74
74715,RP,Refah Partisi,Welfare Party,,74
74716,FP,Falizet Partisi,Virtue Party,,74
75220,PPSH,Partia ë Punës ë Shqipërisë,Albanian Party of Labour,,75
75320,PSDS,Partia Socialdemokratike ë Shqipërisë,Social Democratic Party of Albania,,75
75421,PADS,Partia Aliancë Demokratica e Shqipërisë,Democratic Alliance Party of Albania,,75
75621,PP,Partia Popullore,People’s Party,formerly: APLP Albanian People’s League Party,75
75622,PUK,Partia e Unitetit Kombëtare,Party of National Unity,,75
75623,PLL,Partia Lëvizja e Legalitetit,Legality Movement Party,,75
75624,PDSH,Partia Demokratike ë Shqipërisë,Democratic Party of Albania,,75
75721,PBK,Partia Balli Kombetar,Party of National Front,,75
75722,PRSH,Partia Republikana Shqipërisë,Albanian Republican Party,,75
75810,PASH,Partia Agrare Shqiptare,Agrarian Party of Albania,,75
75951,OMONIA,Bashkimia Demokratik i Minoritet Grek,Democratic Union of the Greek Minority,,75
76222,HKK,Hayastani Komunistakan Kusakstyun,Communist Party of Armenia,,76
76321,HHD,Hai Heghapokhakan Dashnaktsutyun,Armenian Revolutionary Federation,,76
76322,MAC,Miavorvac Ashkhatanquin Cusaqcutsun,United Labour Party,,76
76420,OR,Orinats Erkir,Counry of Law,,76
76421,A,Adartyun,Justice Alliance,,76
76521,AIM,Azgayin Inknoroshum Miavorum,National Self-Determination Union,,76
76610,HHK,Hayastani Hanrepetakan Kusakstutyun,Republican Party of Armenia,,76
76711,HA,Hanrabedutyun Alliance,Bloc Republic,,76
76712,AGzM,Azgayin Gzoghovrdakan Miutyen,National Democratic Union,,76
76901,,Shamiram,Women’s Organization,,76
76902,IM,Iravunk ev Miabanutiun,Right and Unity,"composed of: National Unity, Constitutional Law, Artsakj Haiastan, and Gardmak",76
76903,M,Miasnutiun,Unity,composed of: HZhK People's Party and HHK Republican Party,76
76904,AM,Azgain Miagnutsum,National Unity Party,,76
77220,YAP,Yeni Azerbaycan Partiyasi,New Azerbaijan Party,,77
77221,AKP,Azerbaycan Kommunist Partiyasi,Azerbaijan Communist Party,,77
77420,AXC,Azerbaycan Xalq Cebhesi,Popular Front Party of Azerbaijan,,77
77430,AMDP,Azerbaycan Müstequil Democrat Partiyasi,Democratic Party of Owners,,77
77710,AMIP,Azerbaycan Milli Istiqlal,National Independence Party of Azerbaijan,,77
77951,VHP,Vätändas Hämrä'yliyi Partiyasi,Citizens Solidarity Party,,77
78211,KPB,Kommunisticeskaja Partija Belarusi,Party of Communists of Belarus,,78
78212,APB,Agrarnaja Partija Belarusi,Agrarian Party,,78
78213,BKhP,Belaruskaya Krest`yanskaya Partyia,Peasant’s Party,,78
78214,BPR,Belaruski Patryatychny Rukh,Patriotic Movement of Belarus,,78
78410,PNZ,Partija Narodnaj Zgody,Party of People’s Consent,,78
78430,ADPB,Ab`jadnanaja Demakratycnaja Partija Belarusi,United Democratic Party of Belarus,,78
78710,BSDG,Belaruskaja Sacyjal-Deakratycnaja Partija ‘Gramada’,Belarusian Social-Democratic Party ‘Gramada’,,78
78901,PWN,,Party of Women ‘Nadzeja’,,78
79221,SK BiH- SDP,Savez Komunista Bosne i Hercegovine- Stranka Demokraskih Promjena,League of Communists of Bosnia and Herzegovina- Party of Democratic Changes,,79
79222,SRS,Savez Reformskih Snaga,Alliance of Reform Forces,,79
79223,SPRS,Socijalisticka Partija Republike Srpske,Socialist Party of the Republic Serbia,,79
79321,SDP BiH,Socijal-Demokratska Partija Bosne i Hercegovine,Social Democratic Party of Bosnia and Herzegovina,,79
79421,KzCD BiH,Koalicija za Cjelovitu I Demokratsku Bosne i Hercegovine,Coalition for a United and Democratic Bosnia and Herzegovina,,79
79422,PDP RS,Partija Demokratskog Progresa Republike Srpske,Democratic Progress Party of the Republic Serbia,,79
79423,NHI,Nova Hrvatska Inicijativa,New Croatian Initiative,,79
79721,SRS RS,Srpska Radikalna Stranka Republike Srpske,Serbian Radical Party of the Republic Serbia,,79
79722,RS RS,Radikalna Stranka Republike Srpske,Radical Party of the Republic Serbia,,79
79723,S BiH,Stranka za Bosne i Hercegovine,Party of Bosnia and Herzegovina,,79
79901,DNZ BiH,Demokratska Narodna Zajednica Bosne i Hercegovine,Democratic Peoples’ Community of Bosnia and Herzegovina,,79
79951,SDA,Stranka Demokratske Akcije,Party of Democratic Action,,79
79952,SDS BiH,Srpska Demokratska Stranka Bosne i Hercegovine,Serbian Democratic Party of Bosnia and Herzegovina,,79
79953,HDZ BiH,Hrvatska Demokratska Zajednica Bosne i Hercegovine,Croatian Democratic Community of Bosnia and Herzegovina,,79
79954,MBO,Muslimanska-Bosnjacka Organizacija,Bosnian Muslim Organization,,79
79955,SDS,Srpska Demokratska Stranka,Serbian Democratic Party,,79
80110,DE,Dvisenie Ekoglasnost,"Ekoglasnost Movement, also called the Green Party",,80
80220,BSP,Bulgarska Socialisticheska Partiya,Bulgarian Socialist Party,,80
80221,KzB,Koalizija za Balgarija,"Coalition for Bulgaria, leading member: BSP",,80
80228,BSP K,BSP Koalitisija,BSP Coalition,composed of: BSP Bulgarska Socialisticheska Partiya (Bulgarian Socialist Party) and eight minor parties,80
80229,BSP,BSP Koalitisija,BSP Coalition,composed of: BSP Bulgarska Socialisticheska Partiya (Bulgarian Socialist Party) BZNS-AS Bulgarski Zemedelski Naroden Sajuz - Aleksander Stanboliynski (Bulgarian Agrarian People’s Union - Alexander Stamboliysky) DE Dvisenie Ekoglasnost (Movement Ekoglasnost),80
80320,KE,Koalicija Evrolevica,Coalition Euro-Left,,80
80410,SDS,Soyuz na Demokratichnite Sili,Union of Democratic Forces,"founding members: BSDP Bulgarska Sotsial-demokraticheska Partiya (Bulgarian Social Democratic Party), BZNS-NP Bulgarki Zemedelski Naroden Sayuz (Bulgarian Agrarian National Union - Nikolai Petkov), Komitet za Zashtita na Relioznite Prava, Svobodata na Savestta i Duhovnite Tsenosti (Committee for Religious Rights, Freedom of Conscience, and Spiritual Values) Klub na Represiranite sled 1945 Godina (Club for the Victims of Repression after 1945), GI Grazhdanska Initsiativa (Citizens’ Initiative), Federattsiya na Nezavisimi Studentki Druzhestva (Federation of Independents’ Students Societies), Nezavisimo Druzhestvo za Zashtita na Choveshkite Prava v Bulgariya (Independent Association for the Defence of Human Rights in Bulgaria), Nezavisima Federatsiya na Truda Podkrepa (Independent Labour Federation Pokrepa) additional members in 1989 and 1990: RDP Radikalna Demokraticheska Partiya (Radical Democratic Party) ZP Zelena Partiya (Green Party) HDF Hristiyan-Demokraticheska Fronta (Christian Democratic Front) ASP Alternativna Sotsialierlna Partiya (Alternative Socialist Party)",80
80411,ODS,Obedineni Demokraticni Sili,"United Democratic Forces, leading member: SDS",,80
80418,ODS-NS- Alliance,Obedineni Demokraticni Sili – Naroden Sajuz,United Democratic Forces -- People’s Union Alliance,,80
80810,BZNS,Bulgarski Zemedelski Naroden Soyuz,Bulgarian Agrarian National Union,,80
80811,NS,Naroden Sajuz BZNS/DP,People’s Union,composed of: BZNS Bulgarski Zemedelski Naroden Soyuz (Bulgarian Agrarian National Union) DP Demokraticheska Partiya (Democratic Party),80
80812,BZNS AS,Bulgarski Zemedelski Naroden Sayuz Alexander Stamboliysky,Bulgarian Agrarian National Union Alexander Stamboliysky,,80
80901,BBB,Bulgarski Business Bloc,Bulgarian Business Bloc,,80
80902,NDST,Nacionalno Dvizenie Simeon Tvori,National Movement Simeon the Second,,80
80951,DPS,Dvizhenie za Prava i Svobodi,Movement for Rights and Freedom,,80
80952,ONS,Obedinenie za Nacionalno,Union of National Salvation,,80
81111,SZH,Savez Zelenih Hrvatske,Green Union of Croatia,,81
81112,ZAS,Zelena Akcija – Split,Green Action of Split,,81
81220,SKH-SDP,Savez Komunista Hrvatske – Stranka Demokratskih Promjena,League of Communists of Croatia -- Party of Democratic Change,,81
81221,SSH,Socijalisticka Stranka Hrvatske,Socialist Party of Croatia,and joint candidates with: Savez Socijalisticke Omladine Hrvatske (Union of Socialist Youth of Croatia),81
81222,SSOH,Savez Socijalisticke Omladine Hrvatske,Union of Socialist Youth of Croatia,,81
81223,SPD,Socijademokratska Partija Hrvatska,Social Democratic Party of Croatia,,81
81229,Left Bloc,composed of: SKH-SDP Savez Komunista Hrvatske – Stranka Demokratskih Promjena,League of Communists of Croatia- Party of Democratic Change,,81
81410,HSLS,Hrvatska Socijalno-Liberalna Stranka,Croatian Social-Liberal Party,,81
81420,KNS,Koalicija Narodnog Sporazuma,Coalition of People’s Agreement,composed of: HSLS Hrvatska Socijalno-Liberalna Stranka (Croatian Social-Liberal Party) HKDS Hrvatska Krscanska Demokratska Stranka (Croatian Christian Democratic Party) SDSH Socijaldemokratska Stranka Hrvatske (Social-Democratic Party of Croatia),81
81430,HND,Hrvatska Narodna Stranka,Croatian Independent Democrats,,81
81711,HDZ,Hrvatska Demokratska Zajednica,Croatian Democratic Union,,81
81712,HNS,Hrvatska Narodna Stranka,Croatian People’s Party,,81
81713,HSP,Hrvatska Stranka Prava,Croatian Party of Rights,,81
81810,HSS,Hrvatska Seljacka Stranka,Croatian Peasant Party,,81
81899,ZL,Zajednica Lista,Joint List Bloc,composed of: SBSH Slavonsko-Baranjska Hrvatska Stranka (Croatian Party of Slavonia and Baranja) HSS Hrvatska Seljacka Stranka (Croatian Peasant Party) IDS Istarski Demokratski Sabor (Istrian Democratic Assembly) HNS Hrvatska Narodna Stranka (Croatian People’s Party) HKDU Hrvatska Krscanska Demokratska Unija (Croatian Christian Democratic Union),81
81951,SNS,Srpska Narodna Stranka,Serbian People’s Party,,81
81953,IDS,Istarski Demokratski Sabor,Istrian Democratic Assembly,,81
81954,DA,Dalmatinska Akcija,Dalmatian Action,,81
81955,RDS,Rijecki Demokratski Savez,Democratic Alliance of Rijeka,,81
81956,SBSH,Slavonsko-Baranjska Hrvatska Stranka,Croatian Party of Slavonia and Baranja,,81
81959,CRP,,Coalition of Regional Parties,"composed of: IDS, DA, RDS",81
82220,KSC,Kommunistická Strana Ceskoslovenska,Communist Party of Czechoslovakia,,82
82221,LB,Levy Bloc,Left Bloc,composed of: KSCM Komunisticka strana Bohemia a Moravy (Communist Party of Bohemia and Moravia) DL Demokratická Levice (Democratic Left of the CSFR),82
82320,CSSD,Ceskoslovenska socialni demokracie,Czechoslovak Social Democratic Party,,82
82410,OF,Obcanské fórum,Civic Forum,"composed of: ASD Asociace socialnich demokratu (Association of Social Democrats), ODA Obcanska demokraticka alliance (Civic Democratic Alliance) KAN Klub Neangažovanych Nestaniku (Policitally Involved Non-Party Members Club) HOS Hnuté Za Obcanskou Svobodu (Movement for Civic Freedom) LDS Liberalne demokraticka strana (Liberal Democratic Party) RS Republikánská strana (Republican Party)",82
82412,ODA,Obcanska demokraticka alliance,Civic Democratic Alliance,,82
82413,ODS,Obcanska demokraticka strana,Civic Democratic Party,,82
82419,ODS- KDS,Alliance composed of: ODS Obcanska demokraticka strana + KDS Krestanskodemokraticka strana,Civic Democratic Party + Christian Democratic Party,,82
82420,LSU,Liberalne socialni unie,Liberal Social Union,composed of: CSS Ceskoslovenska strana socialisticka (Czechoslovak Socialist Party) ZS Zemédélská strana (Farmers’ Party) SZ Strana zelenych (Green Party),82
82421,US,Unie Svobody,Freedom Union,,82
82520,CSL,Ceskoslovenska strana lidova,Czechoslovak People’s Party,,82
82521,KDS,Krestanskodemokraticka strana,Christian Democratic Party,,82
82523,KDU- CSL- Alliance,Alliance composed of: KDU Krestanská a Demokratická Unie + CSL Ceskoslovenska strana lidova,Christian and Democratic Union +  Czechoslovak People’s Party,,82
82524,Koalice,organized as a party,Coalition,composed of: KDU Krestanská a Demokratická Unie (Christian and Democratic Union) CSL Ceskoslovenska strana lidova (Czechoslovak People’s Party) US Unie Svobody-Democraticke Unie (Freedom Union – Democratic Union) DEU Demokratická Unie (Democratic Union) US and DEU combined into one party in 2001,82
82529,KDU,Krestanská a Demokratická Unie,Christian and Democratic Union,composed of: KDS Krestanskodemokraticka strana (Christian Democratic Party) KDH K est’anskodemokratické Hnuti (Christian and Democratic Movement) PA Podnikatelské Asociace (Association of Entrepreneurs) ZS Zemédélská Strana (Farmers’ Party),82
82710,SPR-RSC,Sduzeni pro republiku – Republikanska strana Ceskoslovenska,Coalition for the Republic -- Republican Party of Czechoslovakia,,82
82901,DZJ,Duchodei za Zivotni Jistoty,Movement of Pensioners for Life Securities,,82
82951,HSD- SMS,Hnutí za Samosprávnou Demokracii – Spolecnost pro Moravu a Slezko,Movement for an Autonomous Democracy -- Society for Moravia-Silesia,,82
83220,KK,Kindel Kodu,Secure Home,composed of: K Eesti Koonderakond (Coalition Party) EM Eesti Maalit (Estonian Rural Union) EDO Eesti Demokraatlik Öiglusliit (Estonian Democratic Justice) EPL Eesti Pensionärde Liit-EPL (Estonian Pensioner’s Union),83
83320,ESDP,Eesti Sotsiaaldemokraatlik Partei,Social Democratic Party,,83
83410,Moodu- kad,Rahvaerakond Moodukad,People’s Party Moderates,composed of: ESDP Eesti Sotsiaaldemokraatlik Partei (Social Democratic Party) EMK Eesti Maa-Keskerakond (Rural Centre Party),83
83411,Kesk,Eesti Keskerakond,"Estonian Center Party, successor to Rahvarinne",,83
83421,Rahva- rinne,,Estonian Popular Front Coalition,composed of: ERPT Eestima Rahvarinne Perestroika Toetuseks (Popular Front) ERKE Eesti Rahva-Keskerakond (Centre People’s Party) EN Eesti Naisliit (Womens’ Union),83
83430,ER,Eesti Reformierakond,Estonian Reform Party,,83
83610,Pare- moolsed,Vabriiklate ja Konservatiivide Rahvaerakond,Rightists,composed of: EV Eesti Vabriiklaste (Estonian Republican Coalition Party) EKR Eesti Konservativne Rahvaerakond (Estonian Conservative People’s Party),83
83611,ResP,Ühendus Vabariigi Eest – Res Publica,Union for the Republic -- Res Publica,,83
83612,Rahvaliit,Eestimaa Rahvaliit,Estonians People’s Union,,83
83709,IERSP,,Electoral Union,composed of: Isamaa (Fatherland) ERSP Eesti Rahvusliku Soltumatuse Partei (Estonian National Independence Party),83
83710,Isamaa,Erakond Isamaaliit,Pro Patria Union,composed of: EKR Eesti Konservativne Rahvaerakond (Estonian Conservative Party) EKDE Eesti Kristlik-Demokraatlik Erakond (Estonian Christian Democratic Party) EKDL Eesti Kristlik-Demokraatlik Liit (Estonian Christian Democratic Union) ELP Eesti Liberaaldemokraatlik Partei (Estonian Liberal Democratic Party) ELL Eesti Liberaldemokraatlik Liit (Estonian Liberal Democratic Union),83
83711,ERSP,Eesti Rahvusliku Soltumatuse Partei,Estonian National Independence Party,,83
83712,EK,Eesti Kodanik,Estonian Citizen Coalition,composed of: EVP Eesti Vabariigi Partei (Estonian Republic Party) Noarootsi (Living Health Association),83
83713,EKK,Eesti Koonderakond,Coalition Party,,83
83719,KMÜ,Koonderakond ja Maarahva Ühendus,Coalition Party and Rural Union,composed of: EKK Eesti Koonderakond (Coalition Party) and EM Eesti Maalit (Estonian Rural Union),83
83810,EME,Eesti Maarahva Erakond,Estonian Country People’s Party,,83
83901,IR,Independent Royalists composed of: RP Royalist Party VT Vaba Toome,Royalist Union,,83
83951,NDE,Nash Dom – Estonia!,Our Home -- Estonia!,,83
83952,EÜRP,Eesti Ühendatud Rahvapartei,Estonian United People’s Party,,83
84110,Greens,Sakartvelos Mtsvaneta Partia,Green Party,,84
84221,Mshvidoba,Bloki ‘Mshvidoba’,Peace Bloc,composed of: DU Democratic Union JPG Justice Party of Georgia LESRG League of Economic and Social Revival of Georgia AU Agrarian Union MCP Monarchist-Conservative Party LEM Association URA Union for the Revival of Ajaria,84
84222,SMSP,Sakartvelos Mshromelta Sotsialisturi Partia ,Socialist Workers’ Party,,84
84223,SSP,Sakartvelos Sotsialisturi Partia ,Socialist Party of Georgia,,84
84321,SSDP,Sakartvelos Sotsial-Demokratiuli Partia ,Social Democratic Party,,84
84322,SSSK,Sakartvelos Sotsialuri Samartlianobis  Kavshiri,Social Justice Union,,84
84323,SMK,Sakartvelos Mokalaketa Kavshiri ,Citizens’ Union of Georgia,,84
84411,,Kartia – 91,Charter 91,,84
84421,,Tertmeti Oktomberi,11-Okt,composed of: GPF Georgien Popular Front DCG Democratic Choice for Georgia CDU Christian-Democratic Union RP Republican Party,84
84422,,Ertoba,Unity Bloc,composed of: LDNP Liberal-Democratic National Party PPF Party of Peace and Freedom,84
84423,DP,Demokratiuli Partia,Democratic Party,,84
84424,SSAK,Sruliad Sakartvelos Aghordzinebis Kavshiri ,All-Georgian Revival Union,,84
84425,BP,Bloki ‘Progressi’,Bloc ‘Progress’,,84
84426,PKT,Politikuri Kavshiri ‘Tanadgoma’,‘Stand-by’ Political Alliance,,84
84427,SRKET,Sakartvelos Reformatorta Kavshiri –  Erovnuli Tankhmoba,Reformators’ Union -- National Concord,,84
84428,MGS,Mretsvelopba Gadaarchens Sakartvelos ,Industry will save Georgia,,84
84521,SGK,Sakartvelos Ghvtisshvilta Kavshiri ,Union of God’s Children,,84
84710,KTK,Kartvel Traditsionalista Kavshiri ,Union of Georgien Traditionalists,,84
84711,EDP,Erovnul Demokratiuli Partia ,National Democratic Party,,84
84712,ICS,Ilia Chavchavadzis Sazogadoeba ,Ilia Chavchavadze Society,,84
84713,SSMKS,Sruliad Sakartvelos Merab Kostavas Sazogadoeba,Merab Kostava Society,,84
84714,SETAK,Sakartvelos Erovnuli Tankhmobis da Aghorzinebis Kavshiri,Union of National Agreement and Revival,,84
84715,SEDP,Sakartvelos Erovnuli Damoukideblobis Partia,National Independent Party,,84
84810,SSFK,Sruliad Sakartvelos Fermerta Kavshiri,All-Georgian Farmers’ Union,,84
84951,KMSP,Khalkhta Megobrobis da Samartlianobis Partia,People’s Friendship and Justice,,84
85111,Grüne- UFV,Grüne-UFV,Greens-IWM,composed of: GP Grüne Partei (Green Party) UFV Unabhängiger Frauenverband (Independent Women’s League),85
85112,B 90,Bündnis 90,Alliance 90,composed of: Neues Forum (New Forum) Demokratie Jetzt (Democracy Now) IFM Initiative für Frieden und Menschenrechte (Initiative for Peace and Human Rights),85
85210,AVL,Aktionsbündnis Vereinigte Linke,United Left Action Alliance,,85
85221,PDS,Partei des Demokratischen Sozialismus,Party for Democratic Socialism,,85
85320,SPD,Sozialdemokratische Partei Deutschlands,Social Democratic Party of Germany,,85
85421,FDP,Freie Demokratische Partei,Free Democratic Party,,85
85422,LDP,Liberal Demokratische Partei,Liberal Democratic Party,,85
85423,DFP,Deutsche Forumpartei,German Forum Party,,85
85424,NDPD,National-Demokratische Partei Deutschlands,National Democratic Party of Germany,,85
85429,BFD,Bündnis der Freien Demokraten,Alliance of Free Democrats,composed of: FDP Freie Demokratische Partei (Free Democratic Party) LDP Liberal Demokratische Partei (Liberal Democratic Party) DFP Deutsche Forumpartei (German Forum Party),85
85521,CDU,Christlich Demokratische Union,Christian Democratic Union,,85
85522,DSU,Deutsche Soziale Union,German Social Union,,85
85523,DA,Demokratischer Aufbruch – ‘sozial und ökologisch’,Democratic Opening,,85
85524,DBD,Demokratische Bauernpartei Deutschlands,Democratic Peasants’ Party of Germany,,85
85901,DFD,Demokratischer Frauenbund Deutschlands,Democratic Women’s League,,85
86220,MSzP,Magyar Szocialista Párt,Hungarian Socialist Party,,86
86320,MSzDP,Magyarországi Szociáldemokrata Párt,Hungarian Social Democratic Party,,86
86421,FiDeSz,Fiatal Demokraták Szövetsége,Federation of Young Democrats,,86
86422,SzDSz,Szabad Demokraták Szövetsége,Alliance of Free Democrats,,86
86429,FiDeSz-MPP-MDF Alliance,Fiatal Demokraták Szövetsége – Magyar Polgari Párt – Magyar Demokrata Fórum,Federation of Young Democrats -- Hungarian Civic Party -- Hungarian Democratic Forum,in 1998 in some electoral districts and in 2002 in alliance,86
86521,MDF,Magyar Demokrata Fórum,Hungarian Democratic Forum,,86
86522,KDNP,Kerezténydemokrata Néppárt,Christian Democratic People’s Party,,86
86529,MDF-FiDeSz-MPP Alliance,Magyar Demokrata Fórum – Fiatal Demokraták Szövetsége – Polgari Párt,Hungarian Democratic Forum – Federation of Young Democrats -- Hungarian Civic Party,in 1998 in some electoral districts,86
86620,MIEP,Magyar Igazság és Elet Pártja,Hungarian Justice and Life Party,,86
86810,FKgP,Független Kisgazda Párt,Independent Smallholders’ Party,,86
86811,ASz,Agrárszövetség,Agrarian Alliance,"composed of: ARS Agrár Reformkörör Szövetsége (Agrarian Reform Circle Movement) ARM Agrár Reformkörör Mozgalom (Association of Agrarian Reform Circles) one joint candidate with: SFV Szövetség a Faluért, Vidékért (Alliance for the Village and the Countryside)",86
87110,ZZS,Zalo un Zemnieku savieniba,Green and Farmers’ Union,,87
87220,SLAT,Saskana Latvijai – atdzimsana tautsaimniecibai,Concord for Latvia -- Rebirth of the Economy,,87
87310,LSP,Latvijas Socialistika Partija,Latvian Socialist Party,,87
87311,LSDA,Latvijas Socialdemokratu Apvieniba,Latvian Social-Democratic Alliance,,87
87320,LVP,Latvijas Vienibas Partija,Latvian Unity Party,,87
87410,LC,Latvijas celš,Latvia’s Way,,87
87411,DPS,Demokratiska Partija ‘Saimnieks’,Democratic Party ‘Saimnieks’,,87
87420,LLP,Latvijas Liber la Partija,Latvian Liberal Party,,87
87421,TSP,Tautas Saskanas Partija,National Harmony Party,,87
87422,PCTVL,Par cilveka tiesibam vienota Latvija,For Human Rights in a United Latvia,,87
87423,JL,Jaunais laiks,New Era,,87
87430,DCP,Demokratiska centra partija,Democratic Centre Party,,87
87431,JP,Jauna Partija,New Party,,87
87520,LKDS,Latvijas Kristigo demokratu savieniba,Latvia’s Christian Democratic Union,,87
87521,LPP,Latvijas Pirm  Partija,Latvia’s First Party,including: Latvijas Kristigo demokratu savieniba (Christian Democratic Union),87
87610,TP,Tautas Partija,People’s Party,,87
87611,LNKP- LZP- Alliance,Latvijas Nacionala Konservativa Partija – Latvijas Zala Partija,Latvian National Conservative Party -- Green Party of Latvia,,87
87710,LNNK,Latvijas Nacionalas neatkaribas kustiba,National Independence Movement of Latvia,,87
87721,TUB,Tevzemei un brivibai,For the Fatherland and Freedom,,87
87722,TKL,Tautas Kustiba Latvija (Zigerista Partija),Popular Movement for Latvia (Siegerist),,87
87723,TB- LNNK- Alliance,Apvieniba ‘Tevzemei un brivibai’- Latvijas Nacionalas neatkaribas kustiba,For Fatherland and Freedom -- National Independence Movement of Latvia,,87
87810,LZS,Latvijas Zemnieku savieniba,Latvia’s Farmers’ Union,,87
87811,ZS-LKDS- LDP- Alliance,,Electoral Union,composed of: ZS Latvijas Zemnieku Savieniba (Farmer’s Union of Latvia) LKDS Latvijas Kristigo demokratu savieniba (Latvia’s Christian Democratic Union) LDP Latvijas Demokratiska Partija (Latvia’s Democratic Party),87
87951,L,Lidztiesiba,Equal Rights,,87
88220,LDDP,Lietuvos demokratiné darbo partija,Lithuanian Democratic Labour Party,,88
88320,LSDP,Lietuvos socialdemokratu partija,Lithuanian Social Democratic Party,,88
88321,BSDK,Brazausko socialdemokratiné koalicija,Brazauskas Social Democratic Coalition,composed of: LSDP Lietuvos socialdemokratu partija (Lithuanian Social Democratic Party) LDDP Lietuvos demokratiné darbo partija (Lithuanian Democratic Labour Party) NDP Naujosios demokratijos partija (New Democratic Party) LRS Lietuvos rusu sajunga (Lithuanian Russian Union),88
88410,NS,Naujoji sajunga,New Union,,88
88420,LCJ,Lietuvos centro judejimas,Centre Movement of Lithuania,,88
88421,SK,Sajudzio koalicija,Sajudis Coalition,composed of: Sajudis LZP Lietuvos zaliloji partija (Lithuanian Green Party) PC Pilieciu chartija (Citizens’ Charter) LPKP Lietuvos politiniu kaliniu partija (Union of Political Prisoners),88
88422,LLS,Lietuvos liberalu sajunga,Lithuanian Liberal Union,,88
88521,LKDP,Lietuvos krikš ioniu demokratu partija,Lithuanian Christian Democratic Party,,88
88522,LDP,Lietuvos demokratu partijos jungtinis sajungos,Lithuanian Democratic Party,,88
88523,LPKTS,Lietuvos politiniu kaliniu ir tremtiniu sajungos,Union of Lithuanian Political Prisoners and Deportees,,88
88529,LKDPK,Lietuvos krikscioniu demokratu partijos koalicija,Lithuanian Christian Democratic Party Coalition,,88
88620,TS,Tevynes Sájunga,Homeland Union,,88
88710,LTSS,Lietuviu tautininku sajungos sarasas,Lithuanian National Union List,composed of: LLS Lietuviu tautininku sajunga (Lithuanian National Union) NP Nepriklausomybes partija (Independence Party),88
88810,LVP,Lietuvos valstiecu partija,Lithuanian Agrarian Party,,88
88951,LLS,Lietuvos lenk sajunga,Union of Poles of Lithuania,,88
89221,KM-PDP,Sojuz na Komunistite na Makedonija – Partija za Demokratska Preobrazba,League of Communists of Macedonia -- Party of Democratic Change,,89
89222,RSM,Reformiskite Sili na Makedonija,Reform Forces of Macedonia,,89
89223,MDPSM,Mlada Demokratsko-Progresivna Stranka na Makedonija,Young Democratic Progressive Party of Macedonia,,89
89224,LDP,Liberalno Demokratska Partija,Liberal Democratic Party,,89
89227,SLB,,Social-Liberal Bloc,composed of: SDSM Socijaldemokratski Sojuz na Makedonija (Socialdemocratic League of Macedonia) LP Liberalna Partia (Liberal Party) SPM Socijalisticki Partija na Makedonija (Socialist Party of Macedonia),89
89228,,,"Joint Candidates RSM/LP, MDPSM, and SPM",,89
89229,,,"Joint Candidates RSM/LP, MDPSM, SPM, and PCER",,89
89320,SPM,Socijalisticki Partija na Makedonija,Socialist Party of Macedonia,,89
89321,DA,Demokratska Alternativa,Democratic Alternative,,89
89420,SJM,Stranka na Jugoslovenite vo Makedonija,Party of Yugoslavs in Macedonia,,89
89710,VMRO- DPMNE,Vnatresna Makedonska Revolucionerna Organizacija – Demokratska Partija za Makedonsko Nacionalno Edinstvo,Internal Macedonian Revolutionary Organization -- Democratic Party for Macedonian National Unity,formerly: MAAK Pan-Macedonian Action,89
89951,PDPM,Partija za Demokratski Prosperitet vo Makedonija,Party for Democratic Prosperity in Macedonia,,89
89952,PDP,Partis Demokratis Populore,People’s Democratic Party,,89
89953,PCER,Partija za Celosna Emancipacija na Romite,Party for the Complete Emancipation of Romany Gypsies,,89
89954,NDP,Narodna Demokratska Partija,People’s Democratic Party,,89
89959,,,Joint Candidates PDPM and PDP,,89
90220,PSMUE,Blocul electoral Partidul Socialist si Miscarea ‘Unitat-Edinstvo’,Electoral Bloc,composed of: PS Partidul Socialist (Socialist Party) Yedinstvo,90
90520,AFPCD,Blocul electoral Alianta Frontului Popular Crestin Democrat,Alliance of the Popular Christian Democratic Front,,90
90810,PDAM,Partidul Democrat Agrar din Moldova,Agrarian Democratic Party,,90
90951,BTI,Blocul Taranilior si Intelectualilor,Peasants and Intellectual Bloc,including: PPM Peasent's Party of Moldova and CI Congress of Intelligensia,90
91220,SKCG,Savez Komunista Crne Gore,League of Communists of Montenegro,,91
91222,PSCG,Partija Socijalista Crne Gore,Socialist Party of Montenegro,,91
91223,SP,Socijalisticka Partija,Socialist Party,,91
91224,SNPCG,Socijalisticka Narodna Partija Crne Gore,Socialist People’s Party of Montenegro,,91
91229,SRSCG,Savez Reformskih Snaga za Crnu Goru,Alliance of Reform Forces for Montenegro,composed of: LZCG Liberalna Savez Crne Gore (Liberal Alliance of Montenegro),91
91320,SDPR,Socijal-Demokratska Partija Reformista,Social-Democratic Party of Reformists,,91
91321,SDPCG,Socijaldemokratska Partija Crne Gore,Social-Democratic Party of Montenegro,,91
91322,DPSCG,Demokratska Partija Socijalista Crne Gore,Democratic Party of Socialists of Montenegro,main member of: Da zivimo bolje (For a Better Living),91
91323,DZB,Da zivimo bolje,For a Better Living,,91
91420,LSCG,Liberalna Savez Crne Gore,Liberal Alliance of Montenegro,,91
91710,NS,Narodna Stranka,People’s Party,,91
91711,SRS,Srpska Radikalna Stranka,Serbian Radical Party,,91
91951,SNR,Stranka Nacionalne Ravnopravnosti,Party of National Equality,,91
91952,DSCG,Demokratski Savez U Crnoj Gori,Democratic League in Montenegro,,91
91953,SDACG,Stranka Demokratske Akcije Crne Gore,Democratic Action Party of Montenegro,,91
91959,DK,Democratic Coalition,Democratic Coalition,"composed of: SNR Stranka Nacionalne Ravnopravnosti (Party of National Equality), DSCG  Demokratski Savez U Crnoj Gori (Democratic League in Montenegro), SDACG Stranka Demokratske Akcije Crne Gore (Democratic Action Party of Montenegro)
",91
92210,SLD,Sojusz Lewicy Demokratycznej,Democratic Left Alliance,,92
92211,SD,Stronnictwo Demokratyczne,Democratic Party,,92
92212,SLD-UP,,Coalition,,92
92320,NSZZ,Niezalezny Samorzadny Zwiazek Zawodowych ‘Solidarnosc’,Self-governed Trade Union ‘Solidarity’,,92
92321,SP,Solidarnosc Pracy,Solidarity of Labour,,92
92322,UP,Unia Pracy,Union of Labour,,92
92410,UD,Unia Demokratyczna,Democratic Union,merger between: UD Unia Demokratyczna (Democratic Union) ROAD Ruch Obywatelski - Akcja Demokratyczna (Democratic Action Civic Movement) FPD Forum Prawicy Demokratycznej (Forum of the Democratic Right),92
92420,KLD,Kongres Liberalno-Demokratyczny,Liberal-Democratic Congress,,92
92431,PPPP,Polska Partia Przyjaciol Piwa,Polish Beer-Lovers Party,,92
92432,UPR,Unia Polityki Realnej,Union of Real Politics,,92
92433,PPG,,Polish Economic Program,,92
92434,UW,merger of: KLD and PPPP Unia Wolnosci,Freedom Union,,92
92435,PO,Platforma Obywatelska,Citizens’ Platform,,92
92436,PiS,Prawo i Sprawieliwo ,Law and Justice,,92
92520,ChD,Chrzescijansko-Demokratycznego Stronnictwo Pracy,Christian Democratic Party,,92
92521,POC,Porozumienie Obywatelskie Centrum,Centre Citizens’ Alliance,,92
92522,PChD,Partia Chrzescijanskich Demokratów,Party of Christian Democrats,,92
92523,RDR,,Movement for Res Publica,,92
92530,WAK,Wyborcza Akcja Katolickia,Catholic Elector Action,composed of: ZChN Zjednoczenie Chrzescijansko- Narodowe (Christian National Union) KP Konwencja Polska (Polish Convention) SChL Stronnictwo Chrzecijansko-Ludowe (Christian Farmers’ Alliance),92
92620,AWS,Akcja Wyborcza ‚Solidarnosc‘,Electoral Action ‚Solidarity‘,,92
92621,ROP,Ruch Odbudowy Polski,Movement for the Reconstruction of Poland,,92
92622,SRP,Samoobrona Rzeczypospolitej Polskiej,Self defence of the Polish Republic,,92
92710,KPN,Konfederacja Polski Niepodleglej,Confederation for Independent Poland,,92
92711,PZZ,Polski Zwiazek Zachodni,Polish Western Union,,92
92712,PX,Partia X,Party X,,92
92713,LPR,Liga Polskich Rodzin,League of Polish Families,,92
92810,PL,Porozumienie Ludowe,Peasant Accord,,92
92811,PSL,Polskie Stronnictwo Ludowe,Polish Peasant Party,merger between: PSLO Polski Stronnictwo Ludowe – Odrodzenie (Reborn Polish Peasant Party) PSLW Polski Stronnictwo Ludowe- Wilanowskie (Peasant Party – Wilanow),92
92901,BBWR,Bezpartyjny Blok Wspierania Reform,"Non-Party Bloc in Support of Reforms, Walesa Support Party",,92
92952,RAS,Ruch Automomii Slaska,Movement for the Autonomy of Silasia,,92
92953,MN,Mniejszosc Niemiecka,German Minority,composed of: Opole ZSMNW Zwiazku Stowarzyszen Mniejszosci Niemieckiej Wojewodztwa (German Social-Cultural Society),92
93111,MER,Miscarea Ecologista din Romania,Ecological Movement of Romania,,93
93112,PER,Partidul Ecologist Român,Romanian Ecological Party,,93
93221,FSN,Frontul Salvarii Nationale,National Salvation Front,,93
93222,PSR,Partidul Socialist Democratic Român,Romanian Socialist Democrat Party,,93
93223,FDSN,Frontul Democrat al Salvarii nazionale,Democratic National Salvation Front,,93
93320,PSDR,Partidul Social-Democrat Român,Romanian Social Democrat Party,,93
93322,USD,Uniunea Social Democrat,Social Democratic Union,,93
93411,CDR,ConvenÞia Democratã Românã,Democratic Convention of Romania,"composed of: 17 parties PNT-cd, PER, PSDR, FER, PAC, AFDPdR, SU, AR21Dec89, MRV, UMRL, UU, UNS, PL1993, PUD, PUDC, SPFMTR, PNL-CD composed of: 13 parties PNT-cd, PNL, PNL-CD, PER, PAR, FER, AC, AFDPR, SU, AR21Dec89, MRV, UMRL, UNS",93
93430,PNL,Partidul National Liberal,National Liberal Party,,93
93521,PNTCD,Partidul National Taranesc-Crestin si Democrat,National Christian Democratic Peasants’ Party,,93
93523,PND,composed of: Partidul National Democrat,National Democratic Party,,93
93524,FDRT,Frontul Democrat Roman din Timisoara,Romanian Democratic Front from Timisoara,plus 6 parties without seats in parliament: PDS Partidul Dreptatii Sociale din Romania (Social Justice Party of Romania) PNP Partidul National Progresist (National Progressist Party) PDC Partidul Democrat din Cluj (Democratic Party from Cluj) MDM Miscarea Democratia Moderna (Modern Democratic Movement) MDI Miscarea Democratia din Iasi (Modern Democracy from Iasi) PE Partidul Ecogolist (Ecologist Party),93
93529,GDC,Grupul Democrat de Centru,Democratic Group of the Centre,,93
93711,PUNR,Partidul UnitãÞii NaÞionale Române,Party of Romanian National Unity,,93
93712,PRM,Partidul Romania Mare,Greater Romania Party,,93
93713,PSM,Partidul Socialist al Muncii,Socialist Labour Party,,93
93714,PR,Partidul Republican,Republican Party,,93
93719,AUR,Alainta pentru Unitatea Romanilor,Romanian Unity Alliance,composed of: PUNR Partidul UnitãÞii NaÞionale Române (Party of Romanian National Unity) PR Partidul Republican (Republican Party),93
93810,PDAR,Partidul Democrat Agrar din Romania,Democratic Agrarian Party of Romania,,93
93951,PCDMR,Partidul Crestin Democrat Maghiar din Romania,Hungarian Democratic Federation of Romania,,93
94221,KPRF,Kommunisticheskaya Partiya Rossiiskoi Federatsii,Communist Party of the Russian Federation,,94
94222,APR,Agrarnaya Partiya Rossii,Agrarian Party,,94
94223,ZhR,Politicheskoe Dvizhenie Zhenshchiny Rossii,Women of Russia,,94
94224,DIM,Dostoinstvoi I Miloserdie,Dignity and Charity,,94
94225,VN,Viast narodu!,Power to the People!,,94
94310,Rodina,Rodina – Narodno Patrioticheskij Souz Rossii,Motherland -- Popular Patriotic Union of Russia,,94
94320,RDDR,Rosiiskoe Dvizhenie Demokraticheskikh Reform,Russian Movement for Democratic Reform,,94
94321,IBIR,Blok Ivana Rybkina,Ivana Rybkin’s Bloc,,94
94421,DVR,Demokraticheskii Vybor Rossii,Russia’s Democratic Choice,,94
94422,Yabloko,Yavlinsky-Boldryev-Lukin Bloc,Yabloko-Bloc,,94
94423,PRES,Partiya Rossiskoyo Edinstva I Soglasiy,Party of Russian Unity and Accord,,94
94424,NDR,Nash Dom Rossiya,Our Home is Russia,,94
94425,VR,"Vpered, Rossiya!","Russia, Go Forward!",,94
94426,PGL,Pamfilova – Gurov – V. Lysenko Respublikanskaja Partija Rossi,Republican Party of the Russian Federation,,94
94427,DVR-OD,Demokraticheskii Vybor Rossii – Ob’edinenny Demokraty,Russia’s Democratic Choice – United Democrats,composed of: DVR Demokraticheskiy Vibor Rossi (Russia’s Democratic Choice) RPSD Russian Party for Social-Democracy RPP Russia’s Peasant Party WS Woman for Solidarity SfD Soldiers for Democracy CNAR Congress of National Associations of Russia,94
94620,MED VED,Mezhregional’noye Dvizhenie Yedinstvo,Inter-Regional Movement Unity,,94
94621,SPS,Soyuz Pravikh Sil,Union of Right Forces,,94
94622,OVR,Otechestvo Vsya Rossiya,Fatherland All Russia,,94
94710,BZ,Bloc Zhirinovskogo,Zhirinovsky Blok,,94
94711,LDPR,Liberal’no Demokraticheskaya Partiya Rossii,Liberal Democratic Party of Russia,,94
94712,DPR,Demokraticheskaya Partiya Rossii,Democratic Party of Russia,,94
94713,KRO,Kongres Russkikh Obshchin,Congress of Russian Communities,,94
94951,ER,Edinaja Rossja,United Russia,,94
95221,SPS,Socijalisticka Partija Srbije,Socialist Party of Serbia,,95
95222,SRSV,Savez Reformskih Snaga Vojvodine,Alliance of Reform Forces of Vojvodina,,95
95223,JL,Jugoslovenska Unianska Levika,Yugoslav Left,,95
95229,LC,,Leftist Coalition,"composed of: SPS Socijalisticka Partija Srbije (Socialist Party of Serbia), JL Jugoslovenska Unianska Levika (Yugoslav Left), ND Nova Demokratija (New Democracy)",95
95420,DEPOS,"DEPOS Coalition, formerly: USDO Udruzena Srpska Demokratska Opozicija",Associated Serbian Democratic Opposition,composed of: ND Nova Demokratija (New Democracy) SPO Srpski Pokret Obnove (Serbian Movement for Renewel) DSS Demokratska Stranka Srbije (Democratic Party of Serbia),95
95421,GSS,Gradjanski Savez Srbije,Civic Alliance of Serbia,,95
95422,ND,Nova Demokratija,New Democracy,,95
95423,DOS,Demokratska Opozicija Srbije,Democratic Opposition of Serbia,,95
95430,DS,Demokratska Stranka,Democratic Party,,95
95710,SPO,Srpski Pokret Obnove,Serbian Movement for Renewel,,95
95711,SRS,Srpska Radikalna Stranka,Serbian Radical Party,,95
95712,DPS,Demokratska Partija Srbije,Democratic Party of Serbia -- Vojislav Kostunica,,95
95810,StSSljS,Stranka Saveza Seljaka Srbije,Party of the Alliance of Peasants of Serbia,,95
95951,DZVM,Demokratska Zajednica Vojvodjanskih Madjara,Democratic Community of Magyars of Vojvodina,,95
95952,SDA,Stranka Demokratske Akcije,Party of Democratic Action of Muslims,,95
95954,KAP,Koalicija Albanskih Partija,Coalition of Albanian Parties,composed of: Partija za Demokratsko Delovanje (Party for Democratic Activity) and DPA Demokratska Partija Albanaca (Democratic Party of Albanians),95
95955,PDD,Partija za Demokratsko Delovanje and DPA Demokratska Partija Albanaca,Party for Democratic Activity + Democratic Party of Albanians,,95
96111,SZ,Strana Zelenych,Green Party,,96
96210,ZRS,Zdruzenie robotníkov Slovenska,Workers’ Association of Slovakia,,96
96220,KSC,Komunistická strana Ceskoslovenka,Communist Party of Czechoslovakia,,96
96221,SV,Spolocna Vol’ba,Common Choice,composed of: SDA Strana demokratickej l´avice (Party of the Democratic Left) SDSS Socialno-demokratická strana Slovenska (Social Democratic Party) SZS Strana zelenýnch na Slovenska (Green Party) HP Hnutie polnohospodárov (Peasant Movement),96
96222,KSS,Komunistická strana Slovenská,Communist Party of Slovakia,,96
96420,DS,Demoratická Strana,Democratic Party,,96
96421,DU,Demokratická Unia,Democratic Union,"including candidates of: NDS Národnodemokraticka strana (National Democratic Party, NDP participated in government 03.94-09.94)",96
96422,SOP,Strana obéianskeho porozumenia,Party of Civic Understanding,,96
96423,,Smer,Direction,,96
96424,ANO,Aliancia nového obcana,Alliance of a New Citizen,,96
96430,VPN,Verejnost prosti násiliu,Public Against Violence,,96
96431,ADSR,Aliancia Demokratov Slovenskej Republiky,Alliance of Democrats,in March 1993 8 deputies left HZDS to form ADSR; these participated in govenment 03.94-09.94,96
96521,KDH,Krestanskodemokratické hnutie,Christian Democratic Movement,,96
96522,SDK,Slovenská demokratická koalicia,Slovak Democratic Coalition,"composed of: KDH, DU, SDSS, and SZS",96
96523,SDKU,Slovenská demokratická a krest’anská únia,Slovak Democratic and Christian Union,,96
96710,SNS,Slovenská národná strana,Slovak National Party,,96
96711,HZDS,Hnutie za demokraticke Slovensko,Movement for a Democratic Slovakia,with tiny coalition partner: RRS Peasants’ Party of Slovakia and including candidates of SGA,96
96712,NDS,Národnodemokraticka strana,National Democratic Party,participated in government 03.94-09.94,96
96951,,Együttélés,Coexistence,,96
96952,ESWS-MKDH,"Koalicia Mad´arské krestánsko- demokratické hnutie, Együttéles-Spoluzitie- Coexistensia",Coalition Political Movement Coexistence and the Hungarian Christian- Democratic Movement,composed of Együttélés (Coexistence)  Madarské krestansko-demokratické hnutie (Hungarian Christian Democratic Movement),96
96953,MKDH,Madarské krestansko-demokratické hnutie,Hungarian Christian Democratic Movement,,96
96954,MOS,Mad’arská Obcianka Strana,Hungarian Civic Party,,96
97110,ZS,Zeleni Slovenije,Greens of Slovenia,,97
97220,ZKS,Zveza Komunista Slovenije,League of Communists of Slovenia,,97
97223,ZL,Zdruzena Lista,"Unity, Associated List",alliance of centre-left groups headed by: Zveza Komunista Slovenije (League of Communists of Slovenia),97
97320,SDSS,Socialdemokraticna Stranka Slovenije,Social-Democratic Party of Slovenia,,97
97321,ZLSD,Zdruzena Lista Socialninh Demokratov,Associated List of Social Democrats,,97
97421,LDS,Liberalna Democraticna Stranka,Liberal Democratic Party,", formerly: ZSMS Liberalna Stranka (Liberal Party)",97
97430,DSS,Demokratska Stranka Slovenje,Democratic Party of Slovenia,,97
97520,SKD,Slovenska Krscanski Demokrati,Slovene Christian Democrats,,97
97521,SLS,Slovenska Ljudska Stranka,Slovenian People's Party,,97
97522,Nsi,Nova Slovenija Krš anski Ljudska Stranka,New Slovene Christian People’s Party,,97
97620,SLS-SKD,Slovenska Ljudska Stranka,Slovenian People’s Party,,97
97710,SNS,Slovenska Nacionalna Stranka,Slovene National Party,,97
97810,SKZ,Slovenska Kmecka Zveza,Slovene Peasant League,,97
97951,Desus,Demokraticna Stranka Upokojencev Slovenije,Democratic Party of Pensioners of Slovenia,,97
97952,SMS,Stranka Mladih Slovenije,Party of Slovenian Youth,,97
98111,PZU,Partiyia Zelenykh Ukrainy,Green Party,,98
98221,KPU,Komunistychna Partiyia Ukrainy,Communist Party of Ukraine,,98
98321,SPU,Socialistychna Partiyia Ukrainy,Socialist Party of the Ukraine,,98
98322,PSPU,Prohresyvna Sotsialstychna Partiyia Ukrainy,Progressive Socialist Party of the Ukraine,,98
98323,BSP-SP,Blok Sotsiallistychna Partiyia I Selyans’ka Partiyia,Socialist Party of Ukraine -- Peasant Party of Ukraine,,98
98324,,Hromada,Community,,98
98325,SDPU,Sotsial-Demokratychna Partiyia Ukrainy,Social Democracy Party,,98
98421,,Kuchma,International Bloc for Reforms,,98
98422,PVDU,Partiyia Demokratychnsho Vidrodzhennya Ukrainy,Party of the Democratic Rebirth of Ukraine,,98
98423,PPU,Partiyia Pratsi Ukrainy,Labour Party,,98
98424,HKU,Hrodmadyans’kyi Konhres Ukrainy,Civic Congress,,98
98426,NDPU,Narodno-demokratychna Partiyia Ukrainy,People’s Democratic Party,,98
98427,SDPU-o,Sotsial Demokratychna Partiyia Ukrainy – obyednana,Social Democratic Party of Ukraine -- associated,,98
98428,,"Vpered, Ukraina","Go Ahead, Ukraine",,98
98429,ZYU,Za Yedinu Ukrainu,For United Ukraine,,98
98521,KhDPU,Khrystyyans`ko-demokratychna Partyia Ukrainy,Christian-Democratic Party,,98
98611,Rukh,Narodnyi Rukh Ukrainy,Popular Movement of Ukraine,,98
98612,URP,Ukrains`ka Respublikans`ka Partiyia,Ukrainian Republican Party,,98
98613,DemPU,Demokratychna Partiyia Ukrainy,Democratic Party of the Ukraine,,98
98614,NF,Natsional`nyi Front,National Front,,98
98615,NU,Bloc Viktora Iushchenka Nasha Ucraina,Viktor Yushchenko Bloc Our Ukraine,,98
98616,JT,Vibortsyj Bloc Julii Tymoshenko,Juliya Tymoshenko Election Bloc,,98
98711,KUN,Konhres Ukrains’kykh Natsionalistiv,Congress of Ukrainian Nationalists,,98
98712,UKRP,Ukrains`ka Konservatyva Respublikans`ka Partiyia,Ukrainian Conservative Republican Party,,98
98713,UNA,Ukrainska Natsionalna Assembleia,Ukrainian National Assembly,,98
98810,SelPU,Selyans’ka Partiyia Ukrainy,Peasant Party of Ukraine,,98
98811,APU,Ahrarna Partiyia Ukrainy,Agrarian Party of Ukraine,,98
98951,RC,Party of Economic Rebirth,Renaissance of Crimea,,98
